epoch,lr,loss,iou,val_loss,val_iou,val_dice
0,0.0001,1.1142521826844467,0.010814112808621306,1.0541442075272207,0.01571709694598892,0.01571710155406024
1,0.0001,1.0459912802043714,0.026315794265563998,1.0450746455689077,0.01571709694598892,0.01571710155406024
2,0.0001,1.0447398687663831,0.015789478756750106,1.0444839752493298,0.01571709694598892,0.01571710155406024
3,0.0001,1.0444556920151962,0.021052645141323465,1.0445284777868005,0.01571709694598892,0.01571710155406024
4,0.0001,1.0439587317014996,0.06193872833969622,1.0433893639352794,0.1957267325630583,0.2977077445019612
5,0.0001,1.042960850816024,0.1987559363304544,1.0428900929471598,0.3138194855386738,0.45410563660966224
6,0.0001,1.0423488271863837,0.2226114996102359,1.0415284174598738,0.1859159308143266,0.30518793228150376
7,0.0001,1.041938092206654,0.2497073990521054,1.042537146092398,0.2667422251030654,0.39522111841889
8,0.0001,1.0415512605717308,0.2806764721487344,1.0407981778877424,0.3445149551429011,0.49902226902291136
9,0.0001,1.0414079239493923,0.28875741359206314,1.0399970675732626,0.4519541307994252,0.6074701796759857
10,0.0001,1.0411230727245933,0.3176841701909362,1.040319597088752,0.25957087323157696,0.3984899584823325
11,0.0001,1.0409223719647056,0.34082849032470364,1.04017001378747,0.44899891803797515,0.6053269881377641
12,0.0001,1.040748445611251,0.3539291088203259,1.0429532640340988,0.2624233861864507,0.38145089955446393
13,0.0001,1.0406271752558256,0.379853667550469,1.0395883797194025,0.39193484056094463,0.5492875434094259
14,0.0001,1.040626733554037,0.37125906540995296,1.040061653714283,0.491655205525662,0.644515637899537
15,0.0001,1.0404592664618242,0.3896060405147651,1.0392107628651828,0.44914690587601025,0.6077484820631572
16,0.0001,1.0403775754727815,0.4101901582524858,1.0392897016641434,0.4335367997502554,0.5939798674141719
17,0.0001,1.0404119077481722,0.3923154283266991,1.0394196023172855,0.4386675096312195,0.5986870477181495
18,0.0001,1.0402382781631068,0.416020694907839,1.0394106056460697,0.5691151140016937,0.7178281011341738
19,0.0001,1.0402958437016137,0.4172356801868086,1.039308461786956,0.5478404726157314,0.6987781174518097
20,0.0001,1.0401215296042592,0.4352116319336871,1.0391140623504849,0.5136951754952934,0.6688658488729374
21,0.0001,1.0401374158106351,0.44528181209797696,1.0389634056971913,0.4966989221083733,0.651842988104737
22,0.0001,1.040067045939596,0.43024462643677974,1.0402770948784759,0.2563300271111374,0.39331189743530914
23,0.0001,1.0400106392408672,0.4491100021746972,1.0391324109787556,0.545557061563785,0.6986873945644307
24,0.0001,1.039967668056488,0.4502360087861863,1.0393080083700903,0.4621699026267799,0.6169889609189005
25,0.0001,1.039893416981948,0.46492329511820346,1.038996820365516,0.5099450531450377,0.6646709446975434
26,0.0001,1.0399440175608585,0.4539694071489586,1.0388233703808138,0.5440562305229536,0.6967140373463233
27,0.0001,1.0399646081422504,0.4629521927498226,1.0390952024572255,0.5483913625680987,0.7011331304715633
28,0.0001,1.0399882981651707,0.4506596136815797,1.0403245031716548,0.5351433300540108,0.6833131511436543
29,0.0001,1.0398531129485682,0.4895353569525733,1.0398852398915468,0.5446265731143801,0.6942643279280876
30,0.0001,1.0399637159548307,0.4694384140898453,1.0394204578605757,0.5819602971871037,0.7242114529107362
31,0.0001,1.0398423489771391,0.47466347146546634,1.0388940457979214,0.5135693455105813,0.6675147094888426
32,0.0001,1.0397384198088395,0.48559651760544115,1.0390641532384577,0.6151898166028383,0.7578097362796369
33,0.0001,1.0398178056666725,0.49233143379486094,1.0394025912219274,0.45689105743251485,0.614234727341319
34,0.0001,1.0399187401721353,0.4612404840707052,1.0401677502161861,0.49485242470235535,0.651112084048174
35,0.0001,1.0398007581108495,0.47083167300360756,1.038918939226971,0.4786239151573275,0.6343870460927183
36,0.0001,1.039683197046581,0.4947321340506789,1.0393966181104919,0.5244315614714576,0.6741113956639679
37,0.0001,1.0397531478028548,0.4952428172346572,1.0388196226655853,0.513195566818861,0.6653405945051063
38,0.0001,1.039722500349346,0.501380034267378,1.038998233780177,0.44237882929295175,0.5999322570174369
39,0.0001,1.039650364925987,0.5136960370560957,1.0392089997855525,0.4560301125317537,0.615837789860675
40,0.0001,1.0397051497509604,0.513831431207189,1.0387455370196659,0.5854008729413039,0.7305060884414499
41,0.0001,1.0397386582274186,0.49250817336440894,1.039196552602622,0.5074163670429265,0.6652942090480729
42,0.0001,1.03971356655422,0.49414387957538086,1.0387436273290038,0.5400817937576066,0.6897349432821168
43,0.0001,1.0396075593797784,0.5110198157510341,1.0387433453486805,0.5721953183326429,0.7215799980586084
44,0.0001,1.039674277054636,0.5148610165666679,1.0391074105189686,0.5447737961813492,0.696971477789971
45,0.0001,1.0397035247401187,0.5091788369920835,1.0387996571003102,0.5149250690797154,0.6673853392594159
46,0.0001,1.0396766693968522,0.5055318010752392,1.0387158042555473,0.6008650784138503,0.7451692681456503
47,0.0001,1.0396815745454087,0.500857800188752,1.0389762013740764,0.4916904981173113,0.6467330471014593
48,0.0001,1.0398355854185004,0.47172890919366695,1.0389144502594803,0.5696171705910845,0.7145914006449849
49,0.0001,1.0395935629543505,0.5263080433890928,1.0386935938552226,0.6154470201443125,0.7522249628508463
50,0.0001,1.0395673337735627,0.525134012426511,1.0391218692708344,0.5636631756836179,0.7090580166450721
51,0.0001,1.039580608041663,0.5299272843961823,1.0386929127931126,0.5050418520594397,0.6618472907500649
52,0.0001,1.0396182988819322,0.5204988984259055,1.0397237911674035,0.32186433870033226,0.47143741461112726
53,0.0001,1.0396034974800914,0.5295196123167617,1.0388611693279215,0.5415223062896717,0.6923824753163087
54,0.0001,1.0395951101654455,0.5367826106777615,1.0387457885536089,0.5661664369892183,0.7158356371885068
55,0.0001,1.0394955346458836,0.5522225384444668,1.038669572129465,0.562415223132083,0.7113190395159518
56,0.0001,1.039623276810897,0.5235102837496641,1.0392563230630691,0.3890132345781809,0.5476790721437654
57,0.0001,1.0396402246073673,0.5162097439959804,1.038907912953195,0.6215255411667172,0.757236948870814
58,0.0001,1.0395227344412552,0.546804839892314,1.038789792707252,0.5575038920125662,0.7051923368586447
59,0.0001,1.0394447966625815,0.5648754798290844,1.0388510936838236,0.4882737275550222,0.6451127118819565
60,0.0001,1.0394973234126443,0.5573816650304703,1.0386814729169684,0.5859074729984535,0.7309944400166696
61,0.0001,1.039626497971384,0.5242495163556925,1.0387807613740032,0.5449744798370139,0.6938938062370356
62,0.0001,1.0395250295337877,0.5439787028978085,1.0388172302826917,0.4385481556133912,0.5960010576406046
63,0.0001,1.0395282481846055,0.5365788704122411,1.0387050438020928,0.5989653889930143,0.741615514210523
64,0.0001,1.0395388308324311,0.5325187472629389,1.0387495367372435,0.5037010309844148,0.6592434722618602
65,0.0001,1.0394003002267136,0.5633403972589104,1.0387451088967163,0.5399946495302029,0.6917128381900807
66,0.0001,1.039718577108885,0.5066139404716455,1.0389491083111417,0.49188934655516253,0.6477808118826518
67,0.0001,1.0394480353907536,0.5608678925229241,1.0386087034914957,0.6240527583045576,0.7624448294559808
68,0.0001,1.039501923008969,0.5440064450366824,1.0388056566766766,0.6077125683817366,0.7487421358327839
69,0.0001,1.0394225509543167,0.5577357200712659,1.0386663689360403,0.5842898754237879,0.7313690797932989
70,0.0001,1.0394638237200284,0.5529987979375712,1.0387290503046602,0.5742630140339741,0.7217471380252827
71,0.0001,1.0394405904569124,0.5370478799651113,1.0387897945808755,0.5254950850152538,0.6769090836792426
72,0.0001,1.0395487101454484,0.5325107212519173,1.0387242332188695,0.5280839188902291,0.6796296947279838
73,0.0001,1.0394733648551138,0.565969177195125,1.039039838524839,0.6301466324871678,0.7672854755508987
74,0.0001,1.0394742187700774,0.5650046702270446,1.0387205360914729,0.5269987012928493,0.678367331785174
75,0.0001,1.0394100051177175,0.5662692014893953,1.0387973190524957,0.6354835596475549,0.7714529361623599
76,0.0001,1.0393423864715978,0.5708112965590287,1.0386434498376602,0.595754738140135,0.7408319717926857
77,0.0001,1.0394032967718023,0.5699102087301038,1.0399125095434882,0.2885309402253972,0.4335711097636589
78,0.0001,1.0395316914508217,0.5440543999412921,1.0387435039040616,0.6053899899267345,0.7489071564993057
79,0.0001,1.0396564734609504,0.5072369357987969,1.0387035235908972,0.5066820512755523,0.6615360268396163
80,0.0001,1.039448775115766,0.5459797250633636,1.0387484010872532,0.5475796572051117,0.6965943807178843
81,0.0001,1.0393711083813717,0.5818950636327197,1.0386906349354503,0.5254424093047613,0.6788730542651819
82,0.0001,1.0393493934681541,0.5800710071973392,1.0386316530362563,0.5754172119111368,0.7207821172249896
83,0.0001,1.0394332760258724,0.564652503262744,1.0391825182264587,0.5205059676935628,0.6698703840124254
84,0.0001,1.0394326429618033,0.5610169546348773,1.0386039126364328,0.561467899539973,0.7085908054459322
85,0.0001,1.0393760806635806,0.5566875580932796,1.0386504616390746,0.653289284733663,0.7867262251554052
86,0.0001,1.039456826134732,0.5589783933189347,1.0386887905874047,0.5949245884782494,0.7379589108374167
87,0.0001,1.039404323226527,0.5736230957722821,1.0386352325937838,0.6379711164240884,0.7735116940855274
88,0.0001,1.039334794094688,0.5959348854563966,1.038746357432517,0.6533099636494888,0.7860111207158325
89,0.0001,1.0393361348854868,0.5757465714154987,1.0385944255442892,0.6304028358475133,0.7689195931052734
90,0.0001,1.0393963782410873,0.5711780386198922,1.038686131681581,0.624863560855369,0.764488891535506
91,0.0001,1.0393852440934432,0.5766098417850797,1.0387976527916658,0.5050677951645575,0.6584162201248468
92,0.0001,1.0393818729802182,0.5840589701751924,1.0385423343635964,0.5797807457039484,0.72715003237183
93,0.0001,1.0393092255843313,0.5915767304295995,1.0386979399589285,0.5945871393008185,0.7396387326094632
94,0.0001,1.0396123522206357,0.5388576365990372,1.038583004638582,0.5977093643610539,0.742983693691508
95,0.0001,1.0394252582600243,0.5692184995857783,1.0386019877225805,0.6285468960541273,0.7681270918382987
96,0.0001,1.0393376789594952,0.5935344610883425,1.0393613209190444,0.581538605385249,0.7254761277942727
97,0.0001,1.0393160694523862,0.5863299706115696,1.0385652724324135,0.6262028964807145,0.7654235908768726
98,0.0001,1.0393437216156407,0.580892077372771,1.038592411164919,0.6328295201749566,0.7664098080432319
99,0.0001,1.039423962643272,0.5616513706292204,1.0385758495049766,0.6471139663421533,0.7818495138462523
100,0.0001,1.0393498753246508,0.5813205692337383,1.0390896619185952,0.6380040366519519,0.770632414865817
101,0.0001,1.0393592853295175,0.5764443297817685,1.0386865089824955,0.5641526132358976,0.7074562152437952
102,0.0001,1.0393435854660837,0.5770460624242865,1.0385590152328281,0.6553954596251634,0.7853892656967392
103,0.0001,1.0393752556098135,0.5784906202912125,1.0386703126791184,0.6340962361624444,0.7706227882032101
104,0.0001,1.039438695656626,0.5461123869307697,1.0385794477987382,0.6200319067792776,0.7595181782033298
105,0.0001,1.039547930893145,0.543530574535112,1.0386059476256604,0.5519270929979208,0.702776336825033
106,0.0001,1.0392608416707891,0.5865635795546384,1.038595565644135,0.6218001684396532,0.7614445542033496
107,0.0001,1.0394126741509688,0.5650450857427923,1.038570723973932,0.6188702227499853,0.7592943970325035
108,0.0001,1.0393436149546975,0.567880052481565,1.0385404270149636,0.6434100590363978,0.7783644327118917
109,0.0001,1.0392654920879163,0.5931602645575902,1.0384870151639687,0.623240744511156,0.7622691599075073
110,0.0001,1.0392416891298797,0.6112246880470665,1.0384556427451623,0.5799394739701573,0.7243104841286087
111,0.0001,1.0392736993337932,0.6079742389107216,1.038657482105997,0.5310559025119934,0.6830517969060871
112,0.0001,1.03926083916112,0.5963370056915127,1.038630851359639,0.6210321146212145,0.7562696484898435
113,0.0001,1.039415335027795,0.5812286630776372,1.038729146562063,0.6434817703521348,0.7741636366000103
114,0.0001,1.0392902443283483,0.6046201358902696,1.0386191100643285,0.6062887145328716,0.7477173685227526
115,0.0001,1.0393237986062702,0.6061280698923617,1.0389638830027552,0.5442850302914329,0.6915871795344509
116,0.0001,1.0393606098074661,0.5700582683653826,1.0386458864849069,0.5947280705856464,0.7394307826049197
117,0.0001,1.039368212223053,0.5755537337709021,1.0386391903890373,0.6369221678573742,0.773882006985404
118,0.0001,1.0393036233751398,0.6040759288467957,1.0385180133264988,0.5943386619738289,0.7353917055439382
119,0.0001,1.0392689667249981,0.6023020562608135,1.038545235435246,0.6026022495216171,0.7428135069097506
120,0.0001,1.0393592426651403,0.5872883968331566,1.0385754544046397,0.6302753373007277,0.7643761437126091
121,0.0001,1.0393367309319346,0.5814764907287125,1.0386444149879202,0.6441712349225497,0.778069900185303
122,0.0001,1.0392651896727712,0.6026879261807072,1.0384595354320023,0.5973993074369913,0.7425444413439776
123,0.0001,1.0392066666954443,0.6219971741110734,1.0385097953800133,0.5906998315702169,0.7330062029639407
124,0.0001,1.039325971979844,0.5974670177694102,1.0387505840927305,0.5439342501343388,0.6941230030717352
125,0.0001,1.039354365750363,0.5897502539304544,1.0388352859231016,0.5485204586529855,0.6956946642374101
126,0.0001,1.0392445093707035,0.600919446043639,1.038539983434621,0.6371888195382786,0.7736915769597407
127,0.0001,1.0392418516309638,0.6090007971134905,1.0385423509920042,0.6168801187696059,0.757471948836607
128,0.0001,1.039256415241643,0.6127680632935191,1.0385203021916987,0.6515802952503669,0.7843610770141417
129,0.0001,1.039257362014369,0.6067187348196569,1.0385652754770516,0.6339411254887883,0.7700667508199209
130,0.0001,1.0393662898164047,0.574748299801547,1.0386227772137504,0.6221063431988567,0.7559527111825823
131,0.0001,1.0393089520303826,0.589716350261736,1.0386412263150768,0.5835621578959843,0.7303792247303851
132,0.0001,1.0393066632120234,0.5920702600757675,1.0385888341836236,0.5615904920052709,0.7083123288644109
133,0.0001,1.0392918367134898,0.598727109736646,1.0388678101519002,0.6803508547562463,0.8063533147145953
134,0.0001,1.0392445595640885,0.607047607645538,1.038530748579029,0.646574502808202,0.7754392945277008
135,0.0001,1.0391899315934432,0.6271419547420757,1.0399750272042625,0.5886027325365553,0.7259617426977413
136,0.0001,1.0393918100156283,0.5794417362478979,1.038584338424248,0.6101399468219346,0.7493126922299387
137,0.0001,1.0393016269332485,0.5888270043740722,1.0385099600246708,0.6585370848880173,0.7879425279300545
138,0.0001,1.039248677931334,0.5978507177482946,1.0385642529470747,0.6148172176272987,0.7566088142522811
139,0.0001,1.0392415090611107,0.6110450208527014,1.038612850288511,0.6180854456776936,0.7545152451469871
140,0.0001,1.0393525236531307,0.5927286441534555,1.0385319188910525,0.6098394182155571,0.7463548147026959
141,0.0001,1.0392643357578077,0.603538563368053,1.0384646733758023,0.6516012263919497,0.7847492472455069
142,0.0001,1.0392306842302022,0.6130315523731654,1.0385169919675366,0.6652625506699752,0.7940061983963009
143,0.0001,1.039282761122051,0.5999859022287669,1.0384675564138266,0.6296733516004277,0.7662280750517987
144,0.0001,1.0392619735316226,0.5991689025208796,1.0385368727513522,0.5821842798763236,0.7246725421654799
145,0.0001,1.0392480247899105,0.5974129912239116,1.0385039906604818,0.5774748999484104,0.7234771924069789
146,0.0001,1.0391937833083302,0.6228585890395172,1.0384641407983477,0.6175634789973168,0.7576081866868642
147,0.0001,1.039246968846572,0.6080283272786423,1.0384858738931082,0.5777006126518909,0.722947363599183
148,0.0001,1.0391855208497298,0.6305920897335338,1.0385782350959853,0.6728741235792051,0.7972074627564304
149,0.0001,1.0392938557424043,0.5987481260123286,1.0385118704179415,0.5973965180980246,0.7366846568955057
150,0.0001,1.0392613373304669,0.6028850334446215,1.0387773363904071,0.5096763542385219,0.6631813480124464
151,0.0001,1.0392044889299492,0.6056325766329524,1.0384338201848837,0.646248618412045,0.7806305674739706
152,0.0001,1.0392589029512906,0.5939305023324687,1.038545747637046,0.6537129621375024,0.7850878899817956
153,0.0001,1.0392613906609385,0.6082953102801695,1.0385922490964938,0.636532414535634,0.7727748067424205
154,0.0001,1.0392441994265507,0.6159183238640973,1.0384744457271105,0.6116506767010829,0.7507458335280837
155,0.0001,1.0391516773324263,0.6288429319768828,1.0384494518250051,0.6373026820984865,0.7738335504475722
156,0.0001,1.0392288120169388,0.6270061645748114,1.0385424481862187,0.6582459570041655,0.7888899502348654
157,0.0001,1.0391610346342388,0.6310877433664064,1.0391356289269649,0.5827768940403701,0.7233702062148605
158,0.0001,1.0392518056066413,0.610041059496103,1.0385886723494016,0.6155047693039095,0.7546459688204086
159,0.0001,1.0392042392178586,0.6309751344841386,1.0384947014698112,0.6610787701381001,0.7930284148501369
160,0.0001,1.039154377109126,0.6201267031927901,1.0386138454167455,0.6640639363478466,0.7939145763016089
161,0.0001,1.0391949189336676,0.6083967835234244,1.0384995792141598,0.6666565097601571,0.796510257804188
162,0.0001,1.0392580854265314,0.6026396590576149,1.0391694377588148,0.6593957326015611,0.7886517212311087
163,0.0001,1.0392866793431734,0.581141052169325,1.0386927439328026,0.5205972209022391,0.6732481589127881
164,0.0001,1.0392457171490317,0.6131037131254118,1.0384966254468517,0.6508227006452858,0.7845815159441873
165,0.0001,1.0391755355031866,0.6218911888753444,1.0383800755315304,0.6429657301856392,0.7785925081452691
166,0.0001,1.039151650353482,0.6224640057807458,1.0385728702095496,0.5875939107916761,0.7325569379556627
167,0.0001,1.0391768028861599,0.6168314859293175,1.0385053328774532,0.634731275134584,0.7677422286286915
168,0.0001,1.039181475262893,0.6208941085089524,1.0386503302512329,0.6684500578849839,0.7971210595605599
169,0.0001,1.0391953932611566,0.6173062346499208,1.038626589334784,0.6505642826143531,0.7802423288842031
170,0.0001,1.039194344846826,0.6263322966123588,1.0387176340830115,0.5736533321536966,0.7177030153348809
171,0.0001,1.0392040811086956,0.625529466398604,1.0384860739024073,0.6016669102563253,0.7431497821124671
172,0.0001,1.039256731459969,0.612124959908036,1.0388305599422492,0.5032266317620846,0.6579785940046067
173,0.0001,1.0392784124926517,0.5998146269520706,1.038548278433869,0.6106692588344821,0.7522705638536733
174,0.0001,1.039267140940616,0.5981324541194872,1.0385365029449314,0.5621869771849078,0.7086271005755629
175,0.0001,1.0391875423883137,0.6317419600864652,1.0384342890591425,0.6440974582494469,0.7762492272678801
176,0.0001,1.039131820829291,0.6532318997728542,1.0384472233841602,0.6504310450084417,0.7841748330296588
177,0.0001,1.03916431790904,0.6267343540055044,1.0385324641154652,0.6564560498392018,0.7886387335146888
178,0.0001,1.0393213328562285,0.5914514402542198,1.0387906672209795,0.6586321060378749,0.7861374666184267
179,0.0001,1.0391689971873634,0.6274337686899968,1.0383969568784672,0.6424198423095391,0.7780818139419035
180,0.0001,1.039125294434397,0.6375984956748219,1.038557344897557,0.6725188212003512,0.7999039186726604
181,0.0001,1.0391712960444,0.6294250126460043,1.0385071788649194,0.5343452302961195,0.6836858965342528
182,0.0001,1.0391725239000822,0.6404325474022652,1.0384081079824032,0.6485983021926957,0.7828705385304011
183,0.0001,1.0391465896054317,0.6381462502183504,1.0386338938898563,0.6542538213865952,0.7841824053455221
184,0.0001,1.0391731073981838,0.6298214742027974,1.0384402244639068,0.6409310043945609,0.7768693498521481
185,0.0001,1.0391505285313254,0.6416810580908356,1.0384696293439284,0.5880766881144341,0.7327760470603015
186,0.0001,1.0391394947704515,0.6337120901559185,1.0384164343648434,0.6273500621342931,0.7616015606149968
187,0.0001,1.0391857511118838,0.6178663577597641,1.038525649512915,0.6457828280319317,0.7771451206366622
188,0.0001,1.0391343123034427,0.6371289308274662,1.0384271716322084,0.6452768755795983,0.7766915554263926
189,0.0001,1.0392208902459397,0.6270223731317766,1.0385639203789192,0.6579408438469202,0.7889785079047217
190,0.0001,1.0392073863431026,0.6355651096866026,1.0388801863713442,0.5911057475359929,0.7304987751761738
191,0.0001,1.0392211205080937,0.6041962228499029,1.0384933419218232,0.6399467645612845,0.7749418501520164
192,0.0001,1.039176040574124,0.6425840009537768,1.0383846879239635,0.6120203244145512,0.7504431521348498
193,0.0001,1.0391661819658782,0.6206025811496816,1.038445717927749,0.6084731465929412,0.7456872675343319
194,0.0001,1.039084315927405,0.6461416030553957,1.0384061495775323,0.676037273090417,0.8036774033908771
195,0.0001,1.0391067109609906,0.6525052795114288,1.0384426027946247,0.6528626890547989,0.7824891840214747
196,0.0001,1.0391052434318944,0.6380673013686052,1.0384765664346092,0.6477725476592303,0.7773342471934034
197,0.0001,1.0391953957708258,0.6301939131534582,1.0384700211654243,0.6395578834280061,0.770796691249021
198,0.0001,1.0391766855591222,0.6412071917568279,1.0384494171629721,0.64027933338544,0.7726575790534487
199,0.0001,1.039186868542119,0.6207136756702973,1.038542705106829,0.615426908347602,0.7523550885315096
200,0.0001,1.0391496231681423,0.6301579444255404,1.0386275938311353,0.5145665064668103,0.6700396162297448
201,0.0001,1.0390917978788676,0.6521766760676763,1.0384889403120239,0.6251128371487307,0.7644927908672267
202,0.0001,1.0391256482977616,0.6473815687656261,1.0384563226362578,0.630688424590651,0.765196908108675
203,0.0001,1.0391210537207753,0.6614663086407517,1.0384525266752263,0.6654500749573402,0.7914400094964259
204,0.0001,1.0391278982162475,0.6437929220095614,1.0385034028111366,0.6281769799873038,0.7637221226097369
205,0.0001,1.0391739399809585,0.6560850690437081,1.0384146007901325,0.6442917372830839,0.7798792319600231
206,0.0001,1.0392010425266467,0.6232599056507165,1.038683613765919,0.5601024214272855,0.7067700251897989
207,0.0001,1.0391735541193108,0.6297366866778381,1.0384600094587255,0.55745005626289,0.7068275506221993
208,0.0001,1.0391205530417593,0.6448981426924798,1.0385041358662963,0.6322288815447575,0.7657407809151101
209,0.0001,1.0391311532572696,0.6398025261148802,1.0384932679136984,0.6526269432550427,0.7818785939585842
210,0.0001,1.039213354336588,0.6225509987146745,1.0386022132599986,0.6479226444672633,0.7776564562559387
211,0.0001,1.0390875069718613,0.6293982322780131,1.0383624538691432,0.6567310013526461,0.7850813138089681
212,0.0001,1.0391069336941368,0.658347033639554,1.038453367932138,0.6503432964784892,0.7793715086308141
213,0.0001,1.039112651348114,0.6604891636629026,1.0384257905375514,0.6478568046895523,0.7783660109351115
214,0.0001,1.0391693516781455,0.6423666057045272,1.0384906795029556,0.5409681201329892,0.6901237489760254
215,0.0001,1.0391432649210879,0.6308796180593913,1.0385683093417604,0.598472559202897,0.7414049370398841
216,0.0001,1.0391113651426216,0.6283727619733905,1.038386599019843,0.6571362681209881,0.7839321586689443
217,0.0001,1.0390802596744737,0.6631414571817196,1.0385029810116662,0.6531732922215406,0.7807164599698204
218,0.0001,1.039079411406266,0.6635558964374311,1.0385853864823438,0.5839028903360881,0.7268424976809191
219,0.0001,1.0391624751843904,0.6248540641266558,1.0384434880816866,0.6619033230799322,0.7869467253735497
220,0.0001,1.039091850581922,0.6516806206041804,1.0383871358129506,0.6654365644830956,0.7943440691274485
221,0.0001,1.0391037219449093,0.6601114257475528,1.0384290426793876,0.6475190847043752,0.782175346850084
222,0.0001,1.0391593813896178,0.6315546767308519,1.0384123777359549,0.6040740239431159,0.7436011865444808
223,0.0001,1.0391899090064198,0.6102238816296666,1.0385147724264028,0.6595340996116067,0.7896676376217603
224,0.0001,1.0390764920335067,0.6458446105501543,1.0383595666154664,0.674499377223712,0.802088342193848
225,0.0001,1.0390935251587317,0.6495527829477743,1.0383708692486957,0.6358123564274757,0.7697280129830297
226,0.0001,1.0391163255039015,0.6431712555912571,1.0383691049980508,0.6539696015628574,0.786472248769879
227,0.0001,1.0390628990374113,0.6716473947677869,1.0383459676225433,0.6409990934537461,0.7732010567917244
228,0.0001,1.039087985063854,0.6512853509431527,1.0383480288424989,0.6591256285229468,0.7899590742723167
229,0.0001,1.0391156303255182,0.6413336346193665,1.0384023718843292,0.6459972237931193,0.7763031723928777
230,0.0001,1.0390887705903304,0.6570136252194697,1.0383779281248982,0.6468174502001032,0.781979744436959
231,0.0001,1.0390775862493014,0.6520518803226968,1.0384609924084076,0.6871657808556997,0.811627109153697
232,0.0001,1.0390798625193145,0.6499992568808917,1.0384622259552212,0.6942643162716727,0.8173701317878684
233,0.0001,1.0390659539323104,0.6629124145852211,1.0384436440608356,0.6736443064958213,0.8016499616282239
234,0.0001,1.039185150673515,0.6315696282870259,1.0384792995827605,0.6540664433162959,0.7833760410722399
235,0.0001,1.0391089514682168,0.648015484362737,1.0383526489636283,0.6571707071224546,0.7857955843585442
236,0.0001,1.0390658102537456,0.6620468467272838,1.0388557744635112,0.5782676348403667,0.7257916822110673
237,0.0001,1.039203555332987,0.6105704830116999,1.0384481960289136,0.680775303936509,0.8074354204206713
238,0.0001,1.0391214715807062,0.6484772393856089,1.0384113329567,0.648424287974609,0.7785267552458592
239,0.0001,1.0390940873246444,0.6472327549947683,1.038383728394574,0.6339679557765815,0.7665330635555219
240,0.0001,1.039060394387496,0.6547255285709825,1.0383958992180515,0.6699732410157662,0.7947886644166124
241,0.0001,1.0390355982278523,0.6563749129778885,1.038348913192749,0.6702218644144798,0.7991315777368263
242,0.0001,1.0390559246665554,0.6478993524681476,1.0384432545813689,0.6545737450599168,0.7843566656297879
243,0.0001,1.0390714877530147,0.6717998541958149,1.0383277274302274,0.6726509671905833,0.8016837475016829
244,0.0001,1.039106109267787,0.652228295098647,1.0384693766389708,0.6284205946159166,0.7627333476623199
245,0.0001,1.0391151591351158,0.6446563791422986,1.0383931180583001,0.677028425395037,0.8002504962709109
246,0.0001,1.0390770109076248,0.6612143344018597,1.038424448086377,0.6306110586195961,0.7660821321643277
247,0.0001,1.0390806367522791,0.6611464656851108,1.0383449188618388,0.6441610492153221,0.7734277965518229
248,0.0001,1.0390458257574784,0.6620359167465201,1.0383506336474466,0.6311261054978715,0.7659494424032862
249,0.0001,1.039056416561729,0.661319432311693,1.0383639366078705,0.6738323141130902,0.8020208428018315
250,0.0001,1.039065494662837,0.6581673374318456,1.038402607960879,0.6614030899656276,0.7890018863881768
251,0.0001,1.0390464506651227,0.6581998112441081,1.0384189719535513,0.61516490905433,0.7537496982167453
252,0.0001,1.0390801109765706,0.6606364121709248,1.038389719305432,0.6369419116721602,0.7702820324058857
253,0.0001,1.039091326061048,0.6574373634541566,1.0383935393893649,0.6737779349834754,0.8016081439971717
254,0.0001,1.0391935354784916,0.626637060397802,1.039060450021785,0.45430476811742315,0.6132449227657902
255,0.0001,1.039236621480239,0.6005074578945242,1.0384219573382545,0.6390051553043661,0.772427628321441
256,0.0001,1.0390866204311973,0.6622513365762095,1.0384089471314886,0.6591307282610516,0.7876504893372093
257,0.0001,1.0390364533976504,0.6688209452521486,1.038395292866675,0.6612731696796172,0.7889325348749433
258,0.0001,1.0390547827670449,0.6604043909467714,1.0383524004743234,0.6419199812293733,0.7742954559952999
259,0.0001,1.0390742157634936,0.6451558292843316,1.0383783888020544,0.6511525706513095,0.7813398693186118
260,0.0001,1.0390572798879523,0.6568562915972258,1.038364275733708,0.6861673908713868,0.8069401869750898
261,0.0001,1.0390093979082609,0.6753175995902242,1.0383595111093726,0.6480329764022909,0.779307552934372
262,0.0001,1.0390661659993623,0.674501840271188,1.038341174659654,0.6359566339058111,0.7685799729778693
263,0.0001,1.0390104099323876,0.6674303831127342,1.0383821290227895,0.6566980855809602,0.784164334113215
264,0.0001,1.0390282699936315,0.6771103612047269,1.038368617621761,0.6942882873769849,0.8170182959236193
265,0.0001,1.0390807490599783,0.6496042797992339,1.0383976093678202,0.6483603637024438,0.7790902710900448
266,0.0001,1.0390035240273727,0.6681274772984707,1.038334537817125,0.6584739198215511,0.7863854819369509
267,0.0001,1.0390273407885904,0.6679355577209565,1.0384047621593961,0.6355215567113379,0.7700861985585822
268,0.0001,1.0390254020690919,0.6610327296744565,1.0383319765739216,0.6406152064007342,0.7734133707946876
269,0.0001,1.0390626047786913,0.6691945588290047,1.0384201670910849,0.6697692913800654,0.7989781564456582
270,0.0001,1.0390148614582262,0.6625228616555273,1.0383126288359665,0.6469490788500198,0.7784250506516024
271,0.0001,1.0390542551090842,0.6841615713031698,1.038413363964478,0.6262954743431653,0.7620086081847678
272,0.0001,1.0390620764933134,0.6501858800804746,1.038352436775777,0.6811985230518883,0.8074960486989383
273,0.0001,1.0391185333854274,0.6468767216799243,1.0384366385829005,0.5879131720905024,0.7287062786274704
274,0.0001,1.0390086061076114,0.6600874909251718,1.0383616053519409,0.6534117575760884,0.7811171161978688
275,0.0001,1.0390204492368196,0.6667834427734449,1.0383595347638683,0.6398239914767757,0.7756901019198954
276,0.0001,1.03903762353094,0.6600290866401531,1.0383747129871241,0.6754971849697626,0.802471328096485
277,0.0001,1.0390725913800691,0.6624341401593196,1.0383643541916883,0.6796317473404393,0.8065481302841708
278,0.0001,1.0390005431677165,0.6617340028541235,1.038356553360615,0.6544212434031107,0.7839459434196465
279,0.0001,1.0390549860502545,0.6765591395133238,1.0383931880849753,0.6705924488164023,0.79944040432422
280,0.0001,1.0390493876055666,0.6618726688875796,1.0383416887350776,0.6493728816987464,0.7785203538064518
281,0.0001,1.0390389982022736,0.67726860419918,1.0383519967084784,0.6502265728951351,0.7798959976357205
282,0.0001,1.0390457159594486,0.6698057021941939,1.0384525707053764,0.6513757619732861,0.7797049144565027
283,0.0001,1.0390825378267388,0.6609903653528579,1.038325532714604,0.6422179078969172,0.7788422711301145
284,0.0001,1.0390381386405543,0.6717020723569462,1.0384308706332284,0.5935842403990919,0.7350763268093646
285,0.0001,1.038998904353694,0.6790537831394908,1.0383441300663827,0.6434504884349231,0.7796671830885495
286,0.0001,1.039036424536454,0.6741523648824072,1.0383652931112204,0.6797797837907846,0.8065945507589678
287,0.0001,1.0389919513150265,0.6737725385421734,1.0383580651405049,0.6944785870928551,0.8171838403520388
288,0.0001,1.039041186633863,0.6693451651395469,1.0383358631714856,0.6621258311677934,0.7942118690546422
289,0.0001,1.0390209442690799,0.6791905198612241,1.0383311236068635,0.6952818835700458,0.8180063186828095
290,0.0001,1.0390517768106962,0.6895851039781558,1.0383265817095113,0.6588492830123416,0.7869530933398113
291,0.0001,1.0390263582530774,0.672918143497431,1.0384086197157973,0.6767895394403305,0.8042632122562414
292,0.0001,1.0390102461764688,0.6757207770424986,1.0383287684622353,0.666949002280643,0.797238652635692
293,0.0001,1.0389969480665107,0.6823748468789358,1.038360048136683,0.6625972760872587,0.7934393333430387
294,0.0001,1.038993805960605,0.6781427925883954,1.0383223794064025,0.6673383143894542,0.7978627508042158
295,0.0001,1.0390385759504217,0.6803271310197804,1.0383877534060675,0.6875303549208178,0.8118745229364099
296,0.0001,1.0390070745819493,0.6742840771433135,1.0384098490469582,0.6429593207964724,0.7760638412295762
297,0.0001,1.0389919695101286,0.6737971486827685,1.0383585206651968,0.6662321612154743,0.7957610180060123
298,0.0001,1.0392367055541591,0.6173536938420275,1.0383821449485884,0.6920023671965698,0.8154886419769198
299,0.0001,1.039048364915346,0.6656559590270984,1.0383505132671424,0.6630390066303609,0.794422401136186
300,0.0001,1.0390307382533426,0.6586796615916388,1.0383573660447696,0.6684165483960942,0.7985243317495161
301,0.0001,1.0389841280485455,0.6811859986987738,1.038325761530863,0.666937628332571,0.7931431536378285
302,0.0001,1.0390089844402515,0.6798298328619824,1.0383573950859324,0.6826206522651743,0.8042999808848497
303,0.0001,1.0389919588440344,0.685160924593577,1.0382856125915918,0.6402632931726814,0.7734247314868566
304,0.0001,1.0390011530173453,0.6712230914325531,1.0382886476273152,0.6674263527721631,0.7933641284919013
305,0.0001,1.038986009045651,0.6852115201914779,1.038325293593416,0.6596446786867551,0.7869120816926259
306,0.0001,1.0389749784218638,0.6854479730919927,1.0383471636968886,0.6469568782331018,0.7786364947747697
307,0.0001,1.039017415046692,0.6840985634565578,1.0384202539803706,0.6974083679888535,0.8142760802343398
308,0.0001,1.038979583037527,0.673689734546007,1.03832109152451,0.6663312058433901,0.7926162336640402
309,0.0001,1.039015867835597,0.6749560497497263,1.038362288990283,0.6756506636848991,0.8039769414399238
310,0.0001,1.0389865523890445,0.6740382144235967,1.0383850977790847,0.6531125670674784,0.7826405245016888
311,0.0001,1.0389914205199793,0.6857193132777164,1.0383925480083773,0.6614090711564926,0.7931854348885453
312,0.0001,1.0389931070177179,0.6749248084361394,1.0383915236047772,0.6580389789618818,0.790352670482258
313,0.0001,1.0389746835357265,0.6740791273833154,1.0383519515073136,0.6822681952020604,0.8080301992222271
314,0.0001,1.039012484801443,0.6876564582214016,1.0383656240399555,0.6486864138779891,0.7795092190741849
315,0.0001,1.0389591122928419,0.6800151031232505,1.0383922737567504,0.6763693672209438,0.7997117457489116
316,0.0001,1.0389954366182026,0.6768235196948866,1.0383472747090758,0.6494889385785854,0.780606853212119
317,0.0001,1.0389631390571594,0.6951823996427128,1.0383796858178609,0.6982873941309669,0.8152120794207008
318,0.0001,1.0389662203035857,0.682496109536117,1.0383224611432238,0.637514243581673,0.7703484354685891
319,0.0001,1.0389521153349626,0.6814368286158647,1.0382885487936804,0.6735645579798459,0.7981834368415537
320,0.0001,1.0389713808109886,0.6922128074364905,1.0384259905468505,0.6537108121872108,0.7838016857767798
321,0.0001,1.0389821504291734,0.6727066480344278,1.0383417849924803,0.6543776493160925,0.7842674523577066
322,0.0001,1.0389797957319962,0.6711418190070239,1.0383590633133775,0.6874181950484654,0.80715039263281
323,0.0001,1.0389551526621768,0.6885353292539848,1.0383700834978775,0.686769531938193,0.811830822101263
324,0.0001,1.0389588086228623,0.6799853235231232,1.0383064845221919,0.6898834799052512,0.8141900645953373
325,0.0001,1.0389543740372909,0.6916103908929377,1.0383524250656309,0.7045629046272428,0.8247476920133683
326,0.0001,1.0389547856230485,0.6997939694401536,1.0382932169264099,0.662894408430062,0.7942067005318262
327,0.0001,1.0389588920693649,0.6819277127608095,1.0383866135404245,0.6534489498718354,0.7823358421022787
328,0.0001,1.0389767609144511,0.6830491430833018,1.038523809380522,0.6547181269781153,0.7816155399515083
329,0.0001,1.0390239979091445,0.6712613607688719,1.0383579145480233,0.6491322889269537,0.7783377587163451
330,0.0001,1.0390320834360625,0.6845797083332167,1.0383957125583192,0.6490820469897721,0.7781438634209783
331,0.0001,1.0390093866147494,0.6678628128172539,1.0383391523173844,0.664359646183218,0.795776484762229
332,0.0001,1.0389565750172263,0.6967108652063226,1.038300677929037,0.6753792915261914,0.8034114008569843
333,0.0001,1.038957913298356,0.6881923074508461,1.0383467086406026,0.6809341926183631,0.8074516566619996
334,0.0001,1.038976080166666,0.6786745707763153,1.0383027583536324,0.6504074978008628,0.779740832832619
335,0.0001,1.0389608590226425,0.6932391830184202,1.0383530365694718,0.6920740109691634,0.8155107142205859
336,0.0001,1.0389929947100187,0.6922442155086688,1.0383517346354036,0.6784831973700433,0.8057569345181101
337,0.0001,1.0389957471897728,0.676526625096449,1.0385043876344422,0.6578408220977897,0.7861332304248664
338,0.0001,1.0389767696982937,0.6657091616134493,1.0383122810446208,0.6889947470052507,0.8130165847559592
339,0.0001,1.0389473243763572,0.6880616625697823,1.0383174618475564,0.6779366001460264,0.8009272428407458
340,0.0001,1.038970621008622,0.6961432237938553,1.038317533045246,0.6649650739357831,0.7916807721945563
341,0.0001,1.0389476995719107,0.6938229389454251,1.0383146912269368,0.6648930224417784,0.7911209930382589
342,0.0001,1.03894530597486,0.6938343398149714,1.0383452739134753,0.6629435599538862,0.789710894719288
343,0.0001,1.0389332865413867,0.6994167582525418,1.038326853384906,0.6728451328947944,0.797393418144067
344,0.0001,1.0389541425203022,0.6915800523323063,1.038377361588019,0.6659032267626279,0.7918044468877996
345,0.0001,1.0389599762464825,0.6896849766593023,1.0383683464147722,0.6570408738730874,0.7847539392291186
346,0.0001,1.0389523757131476,0.6977680331809745,1.0383043827851302,0.6789514180194595,0.8015224994864697
347,0.0001,1.03894027785251,0.6962571809512392,1.0383269042069412,0.678331287785119,0.8009970216807066
348,0.0001,1.0389777917610972,0.6901949990969821,1.0382845528233495,0.6796099685879424,0.8024333571758492
349,0.0001,1.0389301180839539,0.6919415594773519,1.0382771140700005,0.6748542401914199,0.7985938038504774
350,0.0001,1.0389939872842087,0.6982742835908999,1.038356648447003,0.6731550294902099,0.8017206172501327
351,0.0001,1.0389525256658856,0.6968867606631696,1.038293652075447,0.6447979281276546,0.7770618992818538
352,0.0001,1.0389416274271512,0.6977783263952043,1.0383112898978362,0.673428499395996,0.7976089835346701
353,0.0001,1.0389741025472943,0.6790575563880542,1.038358953003799,0.654224935331344,0.7841530843031455
354,0.0001,1.0389457583427428,0.695684079329135,1.0383300549389103,0.6907923893955837,0.8101275499152311
355,0.0001,1.038935951810134,0.7020856605007205,1.0382928105843325,0.6572839797135573,0.785405936470913
356,0.0001,1.0389191476922286,0.7033914716214368,1.038295065958514,0.6942340957792975,0.8173631495563543
357,0.0001,1.0389251746629413,0.6911311565076474,1.0382952352872297,0.6575948941430467,0.7863208393327087
358,0.0001,1.0389218236270703,0.7060928800468427,1.0383165711738271,0.6863159934355844,0.81165950908559
359,0.0001,1.038962109465348,0.7081750229511167,1.0383047675805381,0.6785386635220249,0.8014494670912005
360,0.0001,1.0389249964764244,0.7039027693576079,1.0383046907619784,0.6743254265542489,0.7983060349213636
361,0.0001,1.0389489104873255,0.695868287892663,1.0383110032334544,0.6694528878903298,0.7947189424480433
362,0.0001,1.038926142767856,0.6965049498991125,1.0383106997064617,0.6827045601314503,0.8042115444827809
363,0.0001,1.038942677723734,0.7000258442227161,1.0385190002576308,0.67510589874384,0.8027608052115008
364,0.0001,1.0389303339155096,0.6906561902136843,1.038378946907628,0.6650550531844239,0.7916833865141992
365,0.0001,1.0389357177834762,0.6940622278256318,1.038289249997242,0.6746708128310206,0.7983347406017085
366,0.0001,1.0389320222955,0.7028781388118683,1.0383046575051629,0.6674896047783847,0.7933874267466281
367,0.0001,1.0389412139591419,0.6952697015712949,1.0382926154932948,0.6777178144755951,0.8008883230113616
368,0.0001,1.0389275312423707,0.708238816746833,1.0382970864271603,0.6811481172835373,0.8032625909407345
369,0.0001,1.0389144991573533,0.6991761594338682,1.0382864821870574,0.6978079370786325,0.8198009031404163
370,0.0001,1.0389089427496259,0.7044174896690069,1.0382625749865309,0.6962883501862566,0.8187077247228005
371,0.0001,1.038890864974574,0.7072686992750313,1.038344981862426,0.6676141212941016,0.7936306439384431
372,0.0001,1.0389360910967778,0.7076961111490924,1.0383209313297084,0.6822320941766837,0.8043502521215997
373,0.0001,1.0389023649065119,0.6902430276068856,1.0383165700028125,0.6771755099949869,0.8003118973829092
374,0.0001,1.0389302648996053,0.694782809885051,1.0383018948474427,0.6760556673630034,0.8041921350894559
375,0.0001,1.0389133158483004,0.7158033840677315,1.0383439637823049,0.696758881822349,0.8142353204647386
376,0.0001,1.0389368301943729,0.7019582541294345,1.0383175747333668,0.655896942336969,0.7850756150521468
377,0.0001,1.0389219102106597,0.7057873711676467,1.0383759146823397,0.688581884729089,0.8085580718867953
378,0.0001,1.0389039252933703,0.7054832794617659,1.0383417943605975,0.6795225013471887,0.8022950880596034
379,0.0001,1.0389142237211528,0.7111643977841859,1.0383122323304121,0.6878132098675688,0.8081784504343531
380,0.0001,1.0388975319109466,0.706677581578525,1.0383438412941743,0.6948855099422568,0.8132496518383614
381,0.0001,1.038940738376818,0.7058813862856695,1.038272293471166,0.6710873526112262,0.7963032410653303
382,0.0001,1.0389120265057212,0.709594163707621,1.0382848617370095,0.6772740925331404,0.8007933684727464
383,0.0001,1.03895133357299,0.7125017405131027,1.0382616885284544,0.6589791920295016,0.7876850234327311
384,0.0001,1.0389362146979884,0.7058807850046945,1.0382835131965593,0.6832459175167885,0.8051199811865806
385,0.0001,1.0389003421130933,0.6984431731812165,1.0382694497792333,0.6685113197221426,0.7940659498592133
386,0.0001,1.0389341711997986,0.7033609437533974,1.0382800120970122,0.6625798232937128,0.7901012986805005
387,0.0001,1.0388873991213348,0.7153931914593501,1.0382908592055495,0.687837166271084,0.8127711082191703
388,0.0001,1.0389224303396125,0.6956294984118285,1.0383374400597893,0.6950310106516485,0.8129805279508977
389,0.0001,1.0388970851898194,0.71291879743461,1.038392160636737,0.6889837276097363,0.808708839320034
390,0.0001,1.0389273235672398,0.714883519071793,1.0383132330795168,0.6908517283265839,0.8150666591279072
391,0.0001,1.0389051669522336,0.7004306740479834,1.0383388265411138,0.6707042398863637,0.7961467276576059
392,0.0001,1.0388874066503424,0.7105604209947791,1.0382906224263908,0.6695332422531424,0.7950697369300204
393,0.0001,1.038911689582624,0.7021692489561121,1.0383286836807761,0.6455002281645769,0.7776444993195668
394,0.0001,1.0389016069863972,0.7075818067227658,1.038287779437067,0.6739650100036878,0.7986107149357492
395,0.0001,1.038884877531152,0.7056415132628813,1.0383748830184487,0.6932837863914519,0.8121178609495873
396,0.0001,1.0388850187000476,0.7000126974426528,1.0383609451338913,0.6937086518221571,0.8117001017471279
397,0.0001,1.0389336266015705,0.7036651434587499,1.038314091901648,0.6841750374698196,0.8099441589824554
398,0.0001,1.038890280221638,0.7069305682900456,1.0383237946946868,0.6996989202539139,0.8209189562836748
399,0.0001,1.0388903956664235,0.7099283076575288,1.0383068608862946,0.6717489455938944,0.7965057021109201
400,0.0001,1.0389236738807277,0.7098849181441715,1.038289752596722,0.6767139490602833,0.8003468025897355
401,0.0001,1.0388917803764344,0.7079856444118904,1.038341091986021,0.6866568371319473,0.8116290273736616
402,0.0001,1.0389103274596365,0.7217120395398084,1.0383199954548143,0.6772973461716867,0.8006326378893569
403,0.0001,1.0388820811321862,0.709469243554137,1.0383325410029742,0.674888282162582,0.7986547905265117
404,0.0001,1.0388874430405466,0.7097224097750454,1.038307572628988,0.6811759860692467,0.8034414006257667
405,0.0001,1.038882431231047,0.7148929230428209,1.0382841970691044,0.7008351488315278,0.8220007369415034
406,0.0001,1.0389327657850165,0.7042607721467068,1.0383120658121314,0.6844191388902178,0.8057527289927745
407,0.0001,1.0388868884036415,0.7104648778483973,1.038330320525029,0.6956600720538216,0.8135632888449793
408,0.0001,1.0388915011757298,0.7125649492145223,1.0383030211293158,0.6981853263825286,0.8201416865652634
409,0.0001,1.038866937160492,0.7161138194518614,1.0382896111381545,0.6762075495116484,0.7998791132935347
410,0.0001,1.0388825974966351,0.7131389934634269,1.0382885595670148,0.6889294685776405,0.8132489220685889
411,0.0001,1.0389011433250026,0.7139751513446169,1.0383248678124959,0.6801807892767893,0.8028220852315616
412,0.0001,1.038879110311207,0.7168802465374652,1.0382723887917569,0.6815952070257058,0.8034686989333139
413,0.0001,1.0388843511280261,0.7090296058002459,1.0383043237659926,0.7084211930958273,0.8271261975243753
414,0.0001,1.0388716371435869,0.7163889967106201,1.038282973358814,0.6966448115383941,0.8189203622916872
415,0.0001,1.038898471782082,0.7122373900371863,1.0382934745496288,0.6880981781262658,0.8080866719220254
416,0.0001,1.0388640271989922,0.7094041063485675,1.0382667784606543,0.6739613092821408,0.7983597724669025
417,0.0001,1.0388973863501298,0.713831473317256,1.0383232778088283,0.6933746414948807,0.8118984833240895
418,0.0001,1.038893377153497,0.7266530212880704,1.038291599052594,0.6907889441879369,0.8149442506386292
419,0.0001,1.0389017023538287,0.7118947736948175,1.038291328548214,0.6992748387531392,0.8209525435372601
420,0.0001,1.0388583208385267,0.7244542966830226,1.0382785300608937,0.6644696619307932,0.791505658587102
421,0.0001,1.038867331805982,0.7241503817450828,1.0382977126857855,0.7008831605156216,0.821965525474206
422,0.0001,1.038866504869963,0.7165835705146849,1.0382953608199983,0.6996230099836387,0.8213498892065332
423,0.0001,1.038902451490101,0.7138456271394324,1.0382884965664276,0.679928229374318,0.8024381035853855
424,0.0001,1.038876499627766,0.7230727718890984,1.0382912564137128,0.6815889872334708,0.80385627921353
425,0.0001,1.0388910531997682,0.716804319099866,1.0383070747135665,0.6808277434416921,0.8028887510490376
426,0.0001,1.0388843856359784,0.7034838489105437,1.038322164642319,0.6975417757003871,0.8150355809985277
427,0.0001,1.0388753464347438,0.719256843622473,1.0383162800595895,0.7132080039298191,0.8306003778462103
428,0.0001,1.0388764990003485,0.7001983020552561,1.0382952053092551,0.6837554840487748,0.8051561985477445
429,0.0001,1.0388799472859032,0.721143666882217,1.0383002500402905,0.6895485103728176,0.8093693744637238
430,0.0001,1.0388569587155392,0.7246480253461154,1.0383282377584042,0.6974727073874611,0.8147412101874303
431,0.0001,1.0388743231171056,0.7210430215872117,1.0383086736169451,0.6743040319614039,0.7983916656965199
432,0.0001,1.038905495718906,0.7189947940342302,1.038295072516196,0.7096514418800909,0.8281349822958212
433,0.0001,1.0388753175735475,0.7195550481244017,1.0382648170111455,0.6843630622011999,0.810412796479434
434,0.0001,1.038871369236394,0.7250460389315039,1.0382963055946035,0.6831314478161895,0.8046552052791858
435,0.0001,1.0388703728977002,0.7287471243814828,1.0382851416095067,0.6871800008229353,0.8076764459871906
436,0.0001,1.0388701733789947,0.7208024992376445,1.038291249153422,0.6942348532097342,0.8173358770102435
437,0.0001,1.0388728430396632,0.7172360540623575,1.0382745729682488,0.6799537020927766,0.8027145012312517
438,0.0001,1.0388885178064045,0.7186651711480703,1.0383119978932829,0.6777027308598736,0.8012520148730007
439,0.0001,1.0388487175891274,0.7234000668041679,1.0382847961601902,0.6849389678130224,0.8059659896996721
440,0.0001,1.03885569509707,0.7252708556094638,1.0382992361758219,0.6899299573549792,0.809801285421743
441,0.0001,1.0388633753124037,0.7207548813968637,1.038298701256338,0.6843149046174116,0.8057580381646248
442,0.0001,1.0388705975130985,0.7173431635525633,1.0382911906026904,0.6743104766008731,0.7987674967581927
443,0.0001,1.0388296993155228,0.7227481762070554,1.0382967899262554,0.6850745903504148,0.8062388588755087
444,0.0001,1.038851503321999,0.7288388975026838,1.0383094642860247,0.6807802082881376,0.80315704650003
445,0.0001,1.0388556618439524,0.715696142388379,1.038296284750543,0.6844420656096348,0.8058456857984803
446,0.0001,1.0388532387582878,0.7248839011464592,1.0382912955256014,0.6859347696363913,0.8066166014225042
447,0.0001,1.0388485343832718,0.7203136872028493,1.0383334614204751,0.6946846253187581,0.817454609624559
448,0.0001,1.0388473793079978,0.723572497531095,1.0383163622648168,0.6954274835957112,0.817829716904911
449,0.0001,1.0388462769357782,0.7236561081319022,1.0383017091245221,0.6822736716109817,0.8041324325436812
450,0.0001,1.0388535882297316,0.725559472118615,1.0383208910468051,0.70742122315233,0.8264322901061745
451,0.0001,1.0388580836747823,0.7277470210131874,1.0383112924740685,0.6833857006956603,0.8048892565105489
452,0.0001,1.038840903733906,0.7208891869889327,1.0383034354342928,0.681537638646475,0.8034609147900702
453,0.0001,1.038858109398892,0.7221651438313812,1.0382980173837928,0.7005086385345002,0.8216252372962826
454,0.0001,1.0388909088937859,0.7181720537086127,1.0382930965461057,0.6978798807095586,0.8198175827874622
455,0.0001,1.0388533341257196,0.7245414290001979,1.038289940427469,0.7017317689841142,0.8225750914305475
456,0.0001,1.038865580056843,0.7247068745031726,1.03831945889591,0.6995019609102175,0.820833027196282
457,0.0001,1.0388618042594508,0.7232820282340654,1.038296842621914,0.6991082218301939,0.8205401535838992
458,0.0001,1.038857702832473,0.7267298951512752,1.0383600902932097,0.6901749198732902,0.8093663734215745
459,0.0001,1.0388721296661778,0.7274366555877474,1.0382878192515645,0.694798335641884,0.8174975000549053
460,0.0001,1.0388484377610057,0.7217079523943442,1.0383079913838205,0.7017024981192621,0.8226252256639621
461,0.0001,1.038848396351463,0.7292741215283998,1.0382769836189705,0.6823860526823626,0.8042291378518133
462,0.0001,1.0388661917887236,0.7224879351811206,1.0382860023052614,0.6826350307907887,0.8044531265838379
463,0.0001,1.038846652758749,0.7350011461046585,1.038288992608226,0.6914222825057442,0.8107526225875368
464,0.0001,1.038833717295998,0.7296520457909225,1.0382810390768444,0.688909774478181,0.8134224626256351
465,0.0001,1.0388569185608312,0.7254527265382679,1.0382863269105174,0.6817141540016382,0.8037795196826486
466,0.0001,1.0388678550720214,0.7306546020485818,1.0383478159520387,0.7040470106700369,0.8237474721110145
467,0.0001,1.0388470235623812,0.7216954097471082,1.038284614652922,0.6850250221444141,0.810680665678773
468,0.0001,1.0388438695355466,0.7257272058035975,1.0382983433942663,0.6998071731560429,0.8211849683400156
469,0.0001,1.0388405128529197,0.7314225955808877,1.0383049776605633,0.6907531846474869,0.8101405090284471
470,0.0001,1.0388502811130724,0.7229147954890384,1.0382965416711534,0.6875705042745653,0.8078627475486583
471,0.0001,1.0388396401154367,0.725959707771846,1.0383029372846682,0.6823343655691871,0.804294807099294
472,0.0001,1.038861336206135,0.7303831613264298,1.0383122878365059,0.6871443212967419,0.8075594433287847
473,0.0001,1.0388347186540303,0.725427421160381,1.0382998928808276,0.690346265424205,0.8143348794958083
474,0.0001,1.038837999419162,0.7241071529369109,1.0383056798009367,0.7063884945768885,0.8257626203426316
475,0.0001,1.0388912050347578,0.7167438065334535,1.0382968032758222,0.6959047089203877,0.8184471080243593
476,0.0001,1.0388389110565186,0.7311319279411104,1.0382957315632309,0.7039520052163334,0.8241024650594178
477,0.0001,1.0388483919595417,0.7189551761535985,1.0382953701881155,0.7018363284905841,0.8226640111328104
478,0.0001,1.0388511130684301,0.7196485145366623,1.03829147469084,0.6972549441865681,0.8191996128133906
479,0.0001,1.0388469087450127,0.7313999475094116,1.0382865756340252,0.6925686134431019,0.8161267699717718
480,0.0001,1.038865940194381,0.7141542846208231,1.0383587930432003,0.6911418689523275,0.8105516596552519
481,0.0001,1.0388357062088815,0.7275646276052423,1.0383237986761367,0.7128891404513202,0.8303891529624482
482,0.0001,1.0388441129734642,0.7282323001546793,1.0382839905021233,0.6830240875748841,0.8048642947358438
483,0.0001,1.0388442861406426,0.7309485578913699,1.038268791903213,0.681077029163835,0.8034828238911752
484,0.0001,1.0388451199782522,0.7261969820818561,1.038303135654547,0.6980034143569037,0.8199651272509157
485,0.0001,1.0388459707561293,0.7325878171245029,1.0382956088408974,0.6776056472589518,0.800977188645145
486,0.0001,1.0388347977086116,0.7202632868475345,1.038315753805614,0.6817849683752722,0.8039931907816437
487,0.0001,1.0388740144277875,0.72987703518535,1.0383018688509178,0.6759698284847098,0.7998659301611145
488,0.0001,1.038846330893667,0.7351314881700077,1.0382887476319649,0.6816280527118068,0.8037684379861598
489,0.0001,1.0388729302506698,0.7334073403888963,1.0383448087864635,0.6828966300077348,0.8045648908298431
490,0.0001,1.038845890446713,0.7194936894963927,1.0382865906230125,0.6954833770851294,0.8181092574377089
491,0.0001,1.038814663887024,0.7255169794176377,1.038297841731598,0.7004184584875461,0.8216813450692823
492,0.0001,1.038876013379348,0.7225171538565088,1.038294601065705,0.7010530581613421,0.8222337528843079
493,0.0001,1.038822342847523,0.7279284836641667,1.0383260784074224,0.6911711710390828,0.8150764841519164
494,0.0001,1.0388194793149044,0.7321230690650378,1.0383065470543733,0.7038568305908893,0.8240988022699647
495,0.0001,1.0388321180092661,0.7287852170237463,1.0383249874901912,0.7102353227227005,0.8285304826839196
496,0.0001,1.038866735132117,0.7315677237044439,1.0383207519302668,0.6887777304306382,0.8085645738261822
497,0.0001,1.03883344123238,0.7342954186201665,1.0383300132507893,0.6858476226460806,0.8064475930871748
498,0.0001,1.038856471839704,0.7357718914835654,1.038306054759822,0.7036630641704547,0.8238937157457642
499,0.0001,1.0388405404592815,0.7221404172445555,1.0383515973924888,0.6810122342995633,0.8034684656851206
